"program","mode","rep","seconds","peak","polls","exit","error"
"funcs-50","check","1","0.0374369","5287936","1","0",
"funcs-50","dump-ir","1","0.0333276","0","0","0",
"funcs-50","emit-ir","1","0.0473995","6156288","1","0",
"funcs-50","build","1","0.4852574","6983680","21","0",
"funcs-50","clangc-O2","1","0.2991186","45707264","13","0",
"funcs-50","clang-O2","1","0.4124857","18722816","20","0",
"funcs-800","check","1","0.0793194","16891904","2","0",
"funcs-800","dump-ir","1","29.8832146","17752064","1386","-1",
"funcs-800","emit-ir","1","0.2722592","25198592","9","0",
"funcs-800","build","1","2.3624264","25153536","119","0",
"funcs-800","clangc-O2","1","2.4729255","146595840","115","0",
"funcs-800","clang-O2","1","3.6127617","18739200","114","0",
