"program","family","axis","mode","n","med_s","min_s","max_s","mean_s","sd_s","cv_pct","peak_mb","peak_sampled","bad_runs","samples_s"
"funcs-50","funcs","50","check","2","0.0362","0.0335","0.0389","0.0362","0.0038","10.5","3.03","True","0","0.0335 0.0389"
"funcs-50","funcs","50","dump-ir","2","0.0306","0.0305","0.0307","0.0306","0.0001","0.4","3.68","True","0","0.0305 0.0307"
"funcs-50","funcs","50","emit-ir","2","0.0365","0.0337","0.0394","0.0365","0.004","10.9","5.42","True","0","0.0337 0.0394"
"funcs-50","funcs","50","build","2","0.5107","0.5098","0.5117","0.5107","0.0013","0.3","7.19","True","0","0.5098 0.5117"
"funcs-50","funcs","50","clang-O2","2","0.4363","0.4358","0.4367","0.4363","0.0006","0.1","18.48","True","0","0.4358 0.4367"
"stmts-20","stmts","20","check","2","0.0239","0.0214","0.0263","0.0239","0.0035","14.6","3.03","True","0","0.0214 0.0263"
"stmts-20","stmts","20","dump-ir","2","0.0259","0.0236","0.0281","0.0259","0.0032","12.3","3.4","True","0","0.0236 0.0281"
"stmts-20","stmts","20","emit-ir","2","0.0248","0.0216","0.028","0.0248","0.0045","18","3.03","True","0","0.0216 0.028"
"stmts-20","stmts","20","build","2","0.4531","0.4501","0.4561","0.4531","0.0042","0.9","6","True","0","0.4501 0.4561"
"stmts-20","stmts","20","clang-O2","2","0.3223","0.3223","0.3223","0.3223","0","0","18.46","True","0","0.3223 0.3223"
